Region,AUH_Name,Senior_Manager_Name,Sales_Manager_Name,Sales_Rep_Name,Calls_Dialed,Call_Time_Mins,New_Leads,Disqualified,No_Answer,Qualified,Converted,Deals_Closed,Followup_Leads,Total_Revenue,Avg_Unit_Value
North,Amanda Smith,Juan Costa,Dawn Lopez MD,Dr. Michelle Nelson,377,1790,68,37,21,10,10,6,48,5166,861
North,Amanda Smith,Juan Costa,Dawn Lopez MD,Sean Garcia,816,1178,167,27,41,99,37,12,33,45084,3757
North,Amanda Smith,Juan Costa,Dawn Lopez MD,Matthew Bennett,736,1806,172,29,12,131,4,2,26,3916,1958
North,Amanda Smith,Juan Costa,Dawn Lopez MD,Melissa Stevenson,509,1716,139,32,39,68,30,17,37,68221,4013
North,Amanda Smith,Juan Costa,Dawn Lopez MD,Steven Brown,316,936,172,27,43,102,76,64,11,82432,1288
North,Amanda Smith,Juan Costa,Dawn Lopez MD,Elizabeth Yu,871,724,120,24,42,54,17,5,20,4465,893
North,Amanda Smith,Juan Costa,Dawn Lopez MD,Marcus Reyes,774,1868,191,13,25,153,4,2,7,5498,2749
North,Amanda Smith,Juan Costa,Dawn Lopez MD,Lindsay Wilson,224,1784,51,7,10,34,12,1,14,1047,1047
North,Amanda Smith,Juan Costa,Dawn Lopez MD,Jennifer Young,485,693,66,25,33,8,4,0,43,0,0
North,Amanda Smith,Juan Costa,Dawn Lopez MD,William Sanchez,171,1085,153,40,57,56,24,9,18,37692,4188
North,Amanda Smith,Juan Costa,Kevin May,Dr. Troy Herman MD,118,1761,183,11,36,136,130,27,17,87480,3240
North,Amanda Smith,Juan Costa,Kevin May,Mike Summers,525,1567,151,9,44,98,55,39,50,155688,3992
North,Amanda Smith,Juan Costa,Kevin May,Brandon Pham,871,841,98,31,17,50,28,4,33,12628,3157
North,Amanda Smith,Juan Costa,Kevin May,Mitchell Morrison,379,1045,199,6,43,150,38,18,24,63432,3524
North,Amanda Smith,Juan Costa,Kevin May,Brian Boyd,511,1755,155,22,25,108,56,8,35,27768,3471
North,Amanda Smith,Juan Costa,Kevin May,Daniel Avila,302,1614,66,17,38,11,3,3,31,9408,3136
North,Amanda Smith,Juan Costa,Kevin May,Jessica Mays,169,742,195,28,31,136,125,110,17,156090,1419
North,Amanda Smith,Juan Costa,Kevin May,Ashley Diaz,885,563,110,21,52,37,28,24,46,64608,2692
North,Amanda Smith,Juan Costa,Kevin May,Courtney Herman,699,1288,114,39,11,64,21,7,6,10045,1435
North,Amanda Smith,Juan Costa,Kevin May,Eric Archer,759,346,124,5,59,60,54,33,14,20163,611
North,Amanda Smith,Juan Costa,James Blair,Jessica Burns,291,1480,144,35,35,74,39,16,50,57392,3587
North,Amanda Smith,Juan Costa,James Blair,Melinda Lawson,221,542,64,28,50,0,0,0,5,0,0
North,Amanda Smith,Juan Costa,James Blair,Ian Avila,312,577,143,26,10,107,29,5,35,10520,2104
North,Amanda Smith,Juan Costa,James Blair,Sara Henry,924,252,193,34,35,124,107,32,37,106592,3331
North,Amanda Smith,Juan Costa,James Blair,Dana Erickson,263,152,171,5,38,128,60,21,28,12432,592
North,Amanda Smith,Juan Costa,James Blair,Carlos Russo,163,1456,84,13,37,34,25,11,32,35629,3239
North,Amanda Smith,Juan Costa,James Blair,William Cortez,175,1513,62,21,35,6,3,2,43,3690,1845
North,Amanda Smith,Juan Costa,James Blair,Leah Butler,417,1455,137,17,17,103,26,20,8,73480,3674
North,Amanda Smith,Juan Costa,James Blair,Scott Martinez DDS,181,896,133,16,60,57,57,41,46,67814,1654
North,Amanda Smith,Juan Costa,James Blair,Michelle Murphy,288,1474,173,31,46,96,34,4,22,5924,1481
North,Amanda Smith,Juan Costa,Charlotte Davis,Timothy Conley,390,1447,62,40,48,0,0,0,47,0,0
North,Amanda Smith,Juan Costa,Charlotte Davis,Albert Trujillo,380,1338,100,13,31,56,3,3,36,3249,1083
North,Amanda Smith,Juan Costa,Charlotte Davis,Laura Hodge,646,1827,154,31,25,98,91,64,25,52672,823
North,Amanda Smith,Juan Costa,Charlotte Davis,Amber Dickerson,252,207,159,5,52,102,72,54,29,268002,4963
North,Amanda Smith,Juan Costa,Charlotte Davis,Ryan Edwards,223,1079,171,14,27,130,113,22,43,93082,4231
North,Amanda Smith,Juan Costa,Charlotte Davis,Michael Waters II,664,622,168,20,30,118,63,41,13,70069,1709
North,Amanda Smith,Juan Costa,Charlotte Davis,Andrea Vance,904,556,71,27,42,2,0,0,5,0,0
North,Amanda Smith,Juan Costa,Charlotte Davis,Richard Bauer,674,1763,137,8,56,73,53,28,24,59080,2110
North,Amanda Smith,Juan Costa,Charlotte Davis,Valerie Smith,399,104,90,25,43,22,18,3,12,11574,3858
North,Amanda Smith,Juan Costa,Charlotte Davis,Deborah Mclaughlin,142,1992,136,20,21,95,25,5,22,23135,4627
North,Amanda Smith,Juan Costa,David House,Regina Yang,344,1684,177,23,11,143,32,2,36,3084,1542
North,Amanda Smith,Juan Costa,David House,Justin Ford,292,668,99,22,41,36,29,1,14,3439,3439
North,Amanda Smith,Juan Costa,David House,Kimberly Thornton,837,1435,171,26,44,101,57,47,26,169623,3609
North,Amanda Smith,Juan Costa,David House,Christine Baker,253,1723,103,9,33,61,8,3,39,4170,1390
North,Amanda Smith,Juan Costa,David House,Sarah Walker,942,404,138,24,47,67,3,1,7,1322,1322
North,Amanda Smith,Juan Costa,David House,John Chandler,313,1196,110,20,42,48,27,20,42,69060,3453
North,Amanda Smith,Juan Costa,David House,Joshua Alexander,285,273,54,37,22,0,0,0,19,0,0
North,Amanda Smith,Juan Costa,David House,Michael Wolfe,242,1355,52,37,42,0,0,0,17,0,0
North,Amanda Smith,Juan Costa,David House,Lawrence Maxwell,316,293,174,7,22,145,27,17,33,50252,2956
North,Amanda Smith,Juan Costa,David House,Richard Barrera,320,681,65,21,44,0,0,0,23,0,0
North,Amanda Smith,James Mccarthy,Jennifer Rodriguez,Gregg Perez,777,1937,153,7,33,113,95,75,24,186075,2481
North,Amanda Smith,James Mccarthy,Jennifer Rodriguez,Matthew Moss,568,1491,108,10,24,74,9,1,8,2498,2498
North,Amanda Smith,James Mccarthy,Jennifer Rodriguez,Jennifer Scott,199,1780,186,40,45,101,43,24,18,85416,3559
North,Amanda Smith,James Mccarthy,Jennifer Rodriguez,Charles Frank,391,1219,198,32,43,123,120,29,47,38425,1325
North,Amanda Smith,James Mccarthy,Jennifer Rodriguez,Tara Cooper,880,203,136,40,51,45,10,6,14,15162,2527
North,Amanda Smith,James Mccarthy,Jennifer Rodriguez,Sharon Murphy,191,902,104,22,17,65,19,7,17,9842,1406
North,Amanda Smith,James Mccarthy,Jennifer Rodriguez,Lisa Johnson,640,519,184,40,19,125,29,27,20,119448,4424
North,Amanda Smith,James Mccarthy,Jennifer Rodriguez,William Deleon,746,1173,167,38,54,75,9,6,31,19980,3330
North,Amanda Smith,James Mccarthy,Jennifer Rodriguez,Teresa Benton,555,958,132,22,40,70,9,4,48,6804,1701
North,Amanda Smith,James Mccarthy,Jennifer Rodriguez,Christina Brennan,888,464,77,31,44,2,2,2,47,9706,4853
North,Amanda Smith,James Mccarthy,Austin Alvarado,John Smith,387,474,68,13,58,0,0,0,11,0,0
North,Amanda Smith,James Mccarthy,Austin Alvarado,Lisa Davis,303,1597,106,32,14,60,54,1,23,2916,2916
North,Amanda Smith,James Mccarthy,Austin Alvarado,Jason Owens,770,831,86,38,17,31,24,17,7,26775,1575
North,Amanda Smith,James Mccarthy,Austin Alvarado,Amy Ware,628,1312,86,35,43,8,8,0,20,0,0
North,Amanda Smith,James Mccarthy,Austin Alvarado,Catherine Luna,656,1578,147,29,58,60,25,9,24,6363,707
North,Amanda Smith,James Mccarthy,Austin Alvarado,Jonathan Garcia,495,383,81,12,29,40,34,10,35,30330,3033
North,Amanda Smith,James Mccarthy,Austin Alvarado,Emily Torres,873,522,120,7,27,86,55,33,43,120549,3653
North,Amanda Smith,James Mccarthy,Austin Alvarado,Jeffrey Kaiser,810,1330,173,36,57,80,61,7,49,24549,3507
North,Amanda Smith,James Mccarthy,Austin Alvarado,Lisa Rivera,975,1422,102,17,15,70,40,28,21,43288,1546
North,Amanda Smith,James Mccarthy,Austin Alvarado,Melanie Lewis,639,391,146,12,56,78,6,3,38,6921,2307
North,Amanda Smith,James Mccarthy,Carolyn Williams,Colton Larson,862,1503,102,9,12,81,15,4,8,3192,798
North,Amanda Smith,James Mccarthy,Carolyn Williams,Jennifer Smith,296,1501,122,13,29,80,43,24,24,50952,2123
North,Amanda Smith,James Mccarthy,Carolyn Williams,Tanya Clements,826,1994,78,18,24,36,8,3,18,14463,4821
North,Amanda Smith,James Mccarthy,Carolyn Williams,Kayla Jones,876,327,105,11,45,49,43,28,49,60228,2151
North,Amanda Smith,James Mccarthy,Carolyn Williams,Debbie Flores,797,1768,140,31,31,78,22,12,36,15708,1309
North,Amanda Smith,James Mccarthy,Carolyn Williams,David Walton,255,953,134,9,18,107,98,62,45,63488,1024
North,Amanda Smith,James Mccarthy,Carolyn Williams,Tina Blair,411,765,196,23,43,130,67,54,15,126090,2335
North,Amanda Smith,James Mccarthy,Carolyn Williams,Loretta Rodriguez,578,490,146,36,20,90,3,3,18,9639,3213
North,Amanda Smith,James Mccarthy,Carolyn Williams,Holly Davies,851,1010,99,33,27,39,29,26,48,115284,4434
North,Amanda Smith,James Mccarthy,Carolyn Williams,Anthony Greer,484,1551,157,11,24,122,32,25,22,99425,3977
North,Amanda Smith,James Mccarthy,William Bradley,Cameron Ayers,819,253,118,26,56,36,22,22,40,21714,987
North,Amanda Smith,James Mccarthy,William Bradley,Kimberly Hunter,855,1244,111,33,56,22,15,3,39,8574,2858
North,Amanda Smith,James Mccarthy,William Bradley,Rachel Flores,680,843,195,19,32,144,92,85,48,232730,2738
North,Amanda Smith,James Mccarthy,William Bradley,Daniel Dillon,431,611,165,7,50,108,15,12,27,17328,1444
North,Amanda Smith,James Mccarthy,William Bradley,Joseph Rodriguez,950,508,61,14,24,23,4,4,35,14652,3663
North,Amanda Smith,James Mccarthy,William Bradley,Haley Turner,547,822,186,19,49,118,62,21,5,72408,3448
North,Amanda Smith,James Mccarthy,William Bradley,Bruce Owens,543,1032,195,38,22,135,30,15,5,58185,3879
North,Amanda Smith,James Mccarthy,William Bradley,Jeffrey Moore,365,803,85,9,38,38,10,8,22,15000,1875
North,Amanda Smith,James Mccarthy,William Bradley,Justin Cruz,723,305,135,39,56,40,21,8,40,31512,3939
North,Amanda Smith,James Mccarthy,William Bradley,Zachary Horn,129,864,177,5,32,140,82,47,33,133010,2830
North,Amanda Smith,James Mccarthy,Gary Wright,Sean Lane,834,873,132,27,53,52,17,0,40,0,0
North,Amanda Smith,James Mccarthy,Gary Wright,Douglas Weeks,792,1917,77,30,21,26,21,10,10,25370,2537
North,Amanda Smith,James Mccarthy,Gary Wright,Amber Brooks,494,1776,148,17,38,93,82,8,40,5464,683
North,Amanda Smith,James Mccarthy,Gary Wright,Raymond Gray,324,183,107,6,43,58,58,53,27,118985,2245
North,Amanda Smith,James Mccarthy,Gary Wright,Harry Fischer,824,341,75,35,22,18,3,3,45,10881,3627
North,Amanda Smith,James Mccarthy,Gary Wright,Christopher Brown,305,412,113,24,14,75,11,0,31,0,0
North,Amanda Smith,James Mccarthy,Gary Wright,Russell Contreras,181,1245,147,31,16,100,65,0,29,0,0
North,Amanda Smith,James Mccarthy,Gary Wright,Andrew Shields,713,516,65,17,38,10,2,0,6,0,0
North,Amanda Smith,James Mccarthy,Gary Wright,Darlene Fernandez MD,751,1352,65,12,19,34,20,12,38,51372,4281
North,Amanda Smith,James Mccarthy,Gary Wright,Amber Gallagher,670,346,147,21,34,92,37,23,32,21666,942
North,Amanda Smith,Melinda Moody,Billy Johnson,Charles Valenzuela,475,1389,58,13,54,0,0,0,6,0,0
North,Amanda Smith,Melinda Moody,Billy Johnson,Leslie Cunningham,814,1256,53,29,44,0,0,0,19,0,0
North,Amanda Smith,Melinda Moody,Billy Johnson,Eric Nelson,844,1321,76,27,17,32,15,1,24,1681,1681
North,Amanda Smith,Melinda Moody,Billy Johnson,Melissa George,995,974,124,32,13,79,66,13,43,44304,3408
North,Amanda Smith,Melinda Moody,Billy Johnson,Victoria Brewer,652,1152,93,29,34,30,24,2,36,1030,515
North,Amanda Smith,Melinda Moody,Billy Johnson,Craig Johnson,553,1112,78,35,58,0,0,0,44,0,0
North,Amanda Smith,Melinda Moody,Billy Johnson,Jessica Griffin,210,1976,92,15,23,54,51,31,46,44733,1443
North,Amanda Smith,Melinda Moody,Billy Johnson,Kathleen Jimenez,823,1150,189,17,39,133,0,0,39,0,0
North,Amanda Smith,Melinda Moody,Billy Johnson,Gary Ryan,279,737,100,18,33,49,44,15,22,8235,549
North,Amanda Smith,Melinda Moody,Billy Johnson,Nicole Cox,588,1765,139,26,24,89,53,24,45,15696,654
North,Amanda Smith,Melinda Moody,Jennifer Rodriguez,Greg Smith,497,488,162,26,44,92,32,13,14,60944,4688
North,Amanda Smith,Melinda Moody,Jennifer Rodriguez,Gina May,253,1070,143,35,21,87,54,16,10,57776,3611
North,Amanda Smith,Melinda Moody,Jennifer Rodriguez,Gregory Castro,163,964,52,5,36,11,9,9,27,7137,793
North,Amanda Smith,Melinda Moody,Jennifer Rodriguez,Jeremy Morrow,374,584,172,39,27,106,39,23,29,48185,2095
North,Amanda Smith,Melinda Moody,Jennifer Rodriguez,Michelle Williams,838,1945,120,18,13,89,39,23,18,102373,4451
North,Amanda Smith,Melinda Moody,Jennifer Rodriguez,James Smith,400,1595,82,27,39,16,12,6,8,4752,792
North,Amanda Smith,Melinda Moody,Jennifer Rodriguez,Carl Henry,428,153,127,27,25,75,65,37,36,25123,679
North,Amanda Smith,Melinda Moody,Jennifer Rodriguez,Michael Anderson,723,1885,105,7,50,48,31,23,7,97842,4254
North,Amanda Smith,Melinda Moody,Jennifer Rodriguez,Christopher Avila,719,1930,156,31,26,99,20,3,37,5205,1735
North,Amanda Smith,Melinda Moody,Jennifer Rodriguez,Rachel Le,270,407,165,37,42,86,5,1,7,3392,3392
North,Amanda Smith,Melinda Moody,Charles Burgess,Denise Cox,841,1300,52,14,15,23,12,10,10,15510,1551
North,Amanda Smith,Melinda Moody,Charles Burgess,Evan Santana,391,1154,139,21,29,89,29,0,11,0,0
North,Amanda Smith,Melinda Moody,Charles Burgess,Melissa Castillo,448,1552,133,7,59,67,67,14,11,44226,3159
North,Amanda Smith,Melinda Moody,Charles Burgess,Tammy Bond,384,216,113,11,11,91,86,48,36,189360,3945
North,Amanda Smith,Melinda Moody,Charles Burgess,Anne Jordan,735,526,145,40,43,62,11,2,34,9752,4876
North,Amanda Smith,Melinda Moody,Charles Burgess,Courtney Everett,783,569,106,22,12,72,20,2,42,9094,4547
North,Amanda Smith,Melinda Moody,Charles Burgess,Donald Graham,305,1742,200,12,25,163,83,70,29,203840,2912
North,Amanda Smith,Melinda Moody,Charles Burgess,Lisa Clark,967,684,128,23,49,56,20,3,24,5382,1794
North,Amanda Smith,Melinda Moody,Charles Burgess,Alexandra Velasquez,948,625,53,13,14,26,12,1,48,1278,1278
North,Amanda Smith,Melinda Moody,Charles Burgess,William Thompson,135,1350,97,24,26,47,41,33,10,161271,4887
North,Amanda Smith,Melinda Moody,Dylan Hawkins,Michelle Williams,888,944,121,33,51,37,29,1,23,3097,3097
North,Amanda Smith,Melinda Moody,Dylan Hawkins,Bryan Clark,311,813,161,5,50,106,79,76,8,378176,4976
North,Amanda Smith,Melinda Moody,Dylan Hawkins,Melissa Fisher,558,171,126,31,48,47,23,1,5,1428,1428
North,Amanda Smith,Melinda Moody,Dylan Hawkins,Joyce Shea,537,1855,159,28,38,93,27,0,44,0,0
North,Amanda Smith,Melinda Moody,Dylan Hawkins,Jack Miller,450,451,189,30,25,134,99,25,36,23400,936
North,Amanda Smith,Melinda Moody,Dylan Hawkins,Michelle Figueroa,377,699,152,36,32,84,31,19,9,12787,673
North,Amanda Smith,Melinda Moody,Dylan Hawkins,Daniel Anderson,345,496,65,34,55,0,0,0,49,0,0
North,Amanda Smith,Melinda Moody,Dylan Hawkins,David Hughes,755,771,131,27,52,52,47,34,9,24888,732
North,Amanda Smith,Melinda Moody,Dylan Hawkins,Mr. Joseph Martinez,949,1013,93,26,29,38,37,30,42,135480,4516
North,Amanda Smith,Melinda Moody,Dylan Hawkins,Jennifer Aguilar,604,487,55,17,40,0,0,0,40,0,0
North,Amanda Smith,Melinda Moody,Cameron Farrell,Colleen Hatfield,980,872,98,31,22,45,37,1,36,2448,2448
North,Amanda Smith,Melinda Moody,Cameron Farrell,Crystal Medina,110,1192,76,22,45,9,5,5,16,18185,3637
North,Amanda Smith,Melinda Moody,Cameron Farrell,Stephanie Pugh,629,1476,155,26,47,82,71,71,47,81224,1144
North,Amanda Smith,Melinda Moody,Cameron Farrell,Kristina Stuart,579,1267,144,23,19,102,64,27,21,107136,3968
North,Amanda Smith,Melinda Moody,Cameron Farrell,Robert Whitney,307,1310,183,23,46,114,98,72,22,302544,4202
North,Amanda Smith,Melinda Moody,Cameron Farrell,Stephanie Chang,821,1636,79,19,23,37,21,14,12,29330,2095
North,Amanda Smith,Melinda Moody,Cameron Farrell,Jocelyn Ryan,819,1933,154,34,11,109,84,48,9,224016,4667
North,Amanda Smith,Melinda Moody,Cameron Farrell,Jessica Spears,897,1786,174,19,23,132,109,30,32,103380,3446
North,Amanda Smith,Melinda Moody,Cameron Farrell,Joshua Mora,525,502,166,16,24,126,116,49,12,240247,4903
North,Amanda Smith,Melinda Moody,Cameron Farrell,Ashley Gonzalez,446,583,123,40,60,23,21,11,5,49280,4480
South,Rebecca Dean,Dana Whitehead,Zachary Brown,Steven George,340,191,81,26,15,40,7,3,27,14139,4713
South,Rebecca Dean,Dana Whitehead,Zachary Brown,Sandra Woodward,584,1415,61,39,37,0,0,0,6,0,0
South,Rebecca Dean,Dana Whitehead,Zachary Brown,Cristian Kelly,126,165,63,7,38,18,2,0,5,0,0
South,Rebecca Dean,Dana Whitehead,Zachary Brown,Lori Carlson,507,1059,165,18,30,117,77,67,16,95877,1431
South,Rebecca Dean,Dana Whitehead,Zachary Brown,Sara Friedman,107,1164,78,38,24,16,1,0,49,0,0
South,Rebecca Dean,Dana Whitehead,Zachary Brown,Jacqueline Perez,333,687,85,16,18,51,15,2,36,9480,4740
South,Rebecca Dean,Dana Whitehead,Zachary Brown,Mrs. Amy Garcia,793,610,84,29,44,11,4,4,18,5148,1287
South,Rebecca Dean,Dana Whitehead,Zachary Brown,Jeanne Jackson,734,1568,132,29,59,44,22,18,41,71298,3961
South,Rebecca Dean,Dana Whitehead,Zachary Brown,Amy Reeves,901,1651,132,26,35,71,50,18,31,87894,4883
South,Rebecca Dean,Dana Whitehead,Zachary Brown,Lisa Young,524,1992,79,18,24,37,28,14,33,50582,3613
South,Rebecca Dean,Dana Whitehead,Annette Anderson,Kathy Duke,694,617,192,32,54,106,104,50,39,139150,2783
South,Rebecca Dean,Dana Whitehead,Annette Anderson,Devin Luna,413,695,68,21,27,20,2,1,41,2046,2046
South,Rebecca Dean,Dana Whitehead,Annette Anderson,Taylor Foster,870,561,142,8,20,114,27,15,29,63585,4239
South,Rebecca Dean,Dana Whitehead,Annette Anderson,Lisa Glover,941,1052,80,8,15,57,56,7,11,15974,2282
South,Rebecca Dean,Dana Whitehead,Annette Anderson,Scott Lucero,556,1979,63,37,29,0,0,0,15,0,0
South,Rebecca Dean,Dana Whitehead,Annette Anderson,Karen Cooper,615,1739,200,29,44,127,44,12,36,46272,3856
South,Rebecca Dean,Dana Whitehead,Annette Anderson,Robert Fisher,867,418,71,9,16,46,5,4,34,2608,652
South,Rebecca Dean,Dana Whitehead,Annette Anderson,Matthew Brown,478,740,192,18,25,149,57,14,43,49378,3527
South,Rebecca Dean,Dana Whitehead,Annette Anderson,Anthony Hernandez,406,471,92,25,58,9,0,0,28,0,0
South,Rebecca Dean,Dana Whitehead,Annette Anderson,Jonathan Tran,221,323,92,26,15,51,40,28,7,61432,2194
South,Rebecca Dean,Dana Whitehead,Gloria Watson,Jessica Roberts,141,1047,105,33,38,34,13,5,25,23900,4780
South,Rebecca Dean,Dana Whitehead,Gloria Watson,Stuart Banks,686,1378,167,26,49,92,27,9,36,6507,723
South,Rebecca Dean,Dana Whitehead,Gloria Watson,Tiffany Pope,519,470,178,13,41,124,3,0,18,0,0
South,Rebecca Dean,Dana Whitehead,Gloria Watson,Monica Hayes,379,707,160,32,15,113,53,5,40,15365,3073
South,Rebecca Dean,Dana Whitehead,Gloria Watson,Mark Smith,787,1459,117,37,53,27,25,20,28,43960,2198
South,Rebecca Dean,Dana Whitehead,Gloria Watson,Angela Obrien,368,640,60,28,14,18,5,3,25,2754,918
South,Rebecca Dean,Dana Whitehead,Gloria Watson,Karen Lopez,567,656,173,30,22,121,111,8,14,4160,520
South,Rebecca Dean,Dana Whitehead,Gloria Watson,Jamie Chavez,945,191,129,27,23,79,78,57,24,240312,4216
South,Rebecca Dean,Dana Whitehead,Gloria Watson,Gloria Potter,249,1720,113,32,35,46,19,12,43,40740,3395
South,Rebecca Dean,Dana Whitehead,Gloria Watson,Amy Lee,692,1629,52,25,33,0,0,0,13,0,0
South,Rebecca Dean,Dana Whitehead,Sarah Smith,Christina Allen,133,1091,177,25,34,118,25,21,28,55881,2661
South,Rebecca Dean,Dana Whitehead,Sarah Smith,Renee Padilla,200,490,117,11,29,77,18,0,41,0,0
South,Rebecca Dean,Dana Whitehead,Sarah Smith,Erin Bray,878,1134,185,33,15,137,112,5,43,6835,1367
South,Rebecca Dean,Dana Whitehead,Sarah Smith,Jennifer Erickson,447,549,55,21,13,21,4,0,14,0,0
South,Rebecca Dean,Dana Whitehead,Sarah Smith,Kathleen Glover,853,1638,96,8,32,56,10,2,39,8768,4384
South,Rebecca Dean,Dana Whitehead,Sarah Smith,Mary Copeland,230,362,104,28,34,42,10,6,35,15612,2602
South,Rebecca Dean,Dana Whitehead,Sarah Smith,Anthony Fisher,200,191,113,16,38,59,22,3,27,13296,4432
South,Rebecca Dean,Dana Whitehead,Sarah Smith,Hannah Austin,271,223,81,32,36,13,1,0,21,0,0
South,Rebecca Dean,Dana Whitehead,Sarah Smith,Susan King,895,1390,144,30,39,75,26,22,48,65472,2976
South,Rebecca Dean,Dana Whitehead,Sarah Smith,Loretta Wright,825,188,177,30,37,110,106,103,11,68392,664
South,Rebecca Dean,Dana Whitehead,Deborah Nelson,James Nguyen,423,1682,147,40,51,56,45,36,16,44352,1232
South,Rebecca Dean,Dana Whitehead,Deborah Nelson,Rebecca Roberts,109,1622,156,26,12,118,84,83,46,308013,3711
South,Rebecca Dean,Dana Whitehead,Deborah Nelson,Keith Atkinson,695,416,150,33,22,95,15,1,50,1146,1146
South,Rebecca Dean,Dana Whitehead,Deborah Nelson,Brett Martin,851,342,167,36,18,113,52,39,29,58422,1498
South,Rebecca Dean,Dana Whitehead,Deborah Nelson,Tammy Mccann,809,1999,50,22,37,0,0,0,5,0,0
South,Rebecca Dean,Dana Whitehead,Deborah Nelson,Jermaine Hernandez,943,1074,154,33,32,89,27,16,29,71248,4453
South,Rebecca Dean,Dana Whitehead,Deborah Nelson,Jeffrey Villa,605,321,169,29,51,89,22,0,40,0,0
South,Rebecca Dean,Dana Whitehead,Deborah Nelson,Lawrence Beck,945,1497,61,14,29,18,14,10,12,7280,728
South,Rebecca Dean,Dana Whitehead,Deborah Nelson,Tyler Donovan,894,210,143,34,53,56,32,21,15,84630,4030
South,Rebecca Dean,Dana Whitehead,Deborah Nelson,Joel Garcia,502,180,200,25,20,155,28,21,22,57876,2756
South,Rebecca Dean,Terry Harris,Daniel Stone,Shawn Copeland,845,1658,75,37,10,28,6,0,47,0,0
South,Rebecca Dean,Terry Harris,Daniel Stone,William Johnson,247,1579,150,14,37,99,49,45,27,137385,3053
South,Rebecca Dean,Terry Harris,Daniel Stone,Madison Garcia,712,1196,177,25,30,122,10,4,45,2260,565
South,Rebecca Dean,Terry Harris,Daniel Stone,Andrea Fitzgerald,434,473,158,36,25,97,90,17,11,34306,2018
South,Rebecca Dean,Terry Harris,Daniel Stone,Steven Walters,892,1259,128,15,57,56,56,11,41,39501,3591
South,Rebecca Dean,Terry Harris,Daniel Stone,Veronica Brown,659,1012,99,23,28,48,43,25,24,119025,4761
South,Rebecca Dean,Terry Harris,Daniel Stone,James Scott,748,1681,143,38,41,64,64,5,39,11240,2248
South,Rebecca Dean,Terry Harris,Daniel Stone,Alexis Allen,575,543,86,7,54,25,20,10,13,44040,4404
South,Rebecca Dean,Terry Harris,Daniel Stone,Laura Gonzalez,982,1526,59,11,50,0,0,0,44,0,0
South,Rebecca Dean,Terry Harris,Daniel Stone,Tina Hernandez,202,1858,199,17,10,172,71,30,19,97680,3256
South,Rebecca Dean,Terry Harris,Amy Rodriguez,Perry Johnson,206,1351,200,29,29,142,26,19,32,87666,4614
South,Rebecca Dean,Terry Harris,Amy Rodriguez,Brett Hansen,639,1908,104,14,14,76,6,6,20,15750,2625
South,Rebecca Dean,Terry Harris,Amy Rodriguez,Michelle Clark,532,1508,105,14,35,56,47,28,25,55972,1999
South,Rebecca Dean,Terry Harris,Amy Rodriguez,Keith Smith,864,753,142,28,59,55,37,1,10,3687,3687
South,Rebecca Dean,Terry Harris,Amy Rodriguez,Brianna Perez,743,370,156,5,21,130,58,26,49,96746,3721
South,Rebecca Dean,Terry Harris,Amy Rodriguez,David Jackson MD,338,1460,70,29,44,0,0,0,26,0,0
South,Rebecca Dean,Terry Harris,Amy Rodriguez,Mrs. Margaret Watkins DDS,865,1192,115,26,54,35,19,0,9,0,0
South,Rebecca Dean,Terry Harris,Amy Rodriguez,Jodi Ramirez,902,1464,166,23,34,109,1,1,25,2567,2567
South,Rebecca Dean,Terry Harris,Amy Rodriguez,Bradley Edwards,743,126,80,38,50,0,0,0,40,0,0
South,Rebecca Dean,Terry Harris,Amy Rodriguez,Chad Bender,749,997,134,22,35,77,66,55,8,223245,4059
South,Rebecca Dean,Terry Harris,Tristan Marsh,Laurie Rodriguez,266,1060,62,28,27,7,3,2,31,5538,2769
South,Rebecca Dean,Terry Harris,Tristan Marsh,Jason Perkins,250,1111,138,13,11,114,86,9,44,8037,893
South,Rebecca Dean,Terry Harris,Tristan Marsh,Christopher Rose,923,152,153,33,14,106,61,20,48,67500,3375
South,Rebecca Dean,Terry Harris,Tristan Marsh,Zachary Cisneros,732,567,188,7,37,144,94,67,34,230614,3442
South,Rebecca Dean,Terry Harris,Tristan Marsh,Michael Shelton,668,1570,184,25,39,120,3,3,34,1545,515
South,Rebecca Dean,Terry Harris,Tristan Marsh,David Brown,763,1035,183,26,60,97,17,5,30,21025,4205
South,Rebecca Dean,Terry Harris,Tristan Marsh,Kimberly Barrett,267,1375,197,11,57,129,98,48,15,129168,2691
South,Rebecca Dean,Terry Harris,Tristan Marsh,Elizabeth Hoffman,997,501,90,16,30,44,8,1,41,4870,4870
South,Rebecca Dean,Terry Harris,Tristan Marsh,Anthony Davenport,238,751,69,37,11,21,6,4,44,19944,4986
South,Rebecca Dean,Terry Harris,Tristan Marsh,John Bradley,519,887,198,33,48,117,1,0,33,0,0
South,Rebecca Dean,Terry Harris,Nicole Howard,James Snyder,949,551,152,14,39,99,90,55,8,92125,1675
South,Rebecca Dean,Terry Harris,Nicole Howard,Anna Mann,352,530,170,14,38,118,5,5,27,13945,2789
South,Rebecca Dean,Terry Harris,Nicole Howard,Angela Robertson,168,661,92,39,57,0,0,0,7,0,0
South,Rebecca Dean,Terry Harris,Nicole Howard,Melanie Clarke,515,501,65,24,24,17,8,8,43,22744,2843
South,Rebecca Dean,Terry Harris,Nicole Howard,Tiffany Smith,833,1719,54,38,26,0,0,0,16,0,0
South,Rebecca Dean,Terry Harris,Nicole Howard,Kenneth Hardin,699,543,85,25,50,10,10,1,11,4973,4973
South,Rebecca Dean,Terry Harris,Nicole Howard,Kenneth Ruiz,765,158,78,40,22,16,0,0,16,0,0
South,Rebecca Dean,Terry Harris,Nicole Howard,Phillip Richardson,587,312,131,28,11,92,3,3,7,13842,4614
South,Rebecca Dean,Terry Harris,Nicole Howard,Katie Matthews,255,411,136,25,20,91,59,44,18,100892,2293
South,Rebecca Dean,Terry Harris,Nicole Howard,Samantha Gilbert,588,1373,57,10,27,20,17,10,33,12270,1227
South,Rebecca Dean,Terry Harris,Eric Cummings MD,Diamond Cooke,270,368,145,15,41,89,12,9,33,10773,1197
South,Rebecca Dean,Terry Harris,Eric Cummings MD,Gary Moore,265,1744,60,33,24,3,0,0,11,0,0
South,Rebecca Dean,Terry Harris,Eric Cummings MD,Mark Clark,274,281,138,32,26,80,64,63,27,126378,2006
South,Rebecca Dean,Terry Harris,Eric Cummings MD,Robert Schmitt,201,1375,129,6,25,98,39,37,7,106819,2887
South,Rebecca Dean,Terry Harris,Eric Cummings MD,Melissa Jennings,916,1234,51,28,37,0,0,0,20,0,0
South,Rebecca Dean,Terry Harris,Eric Cummings MD,William Moore,369,209,126,37,20,69,42,25,10,16000,640
South,Rebecca Dean,Terry Harris,Eric Cummings MD,Sara Allen,604,147,187,28,37,122,61,60,31,172260,2871
South,Rebecca Dean,Terry Harris,Eric Cummings MD,Kyle Wright,507,685,168,11,20,137,107,92,28,67068,729
South,Rebecca Dean,Terry Harris,Eric Cummings MD,Angela Gonzalez,400,1171,118,5,40,73,3,0,11,0,0
South,Rebecca Dean,Terry Harris,Eric Cummings MD,Charles Blevins,519,896,128,14,34,80,10,0,16,0,0
South,Rebecca Dean,Nancy Knight,Victoria Thompson,Kimberly Castro,525,699,87,34,53,0,0,0,7,0,0
South,Rebecca Dean,Nancy Knight,Victoria Thompson,Steven Wolfe,346,1411,169,25,24,120,22,9,42,44388,4932
South,Rebecca Dean,Nancy Knight,Victoria Thompson,Joann Jackson,562,1743,115,27,29,59,53,25,36,58625,2345
South,Rebecca Dean,Nancy Knight,Victoria Thompson,Kelly Rose,929,544,72,6,26,40,21,9,6,21249,2361
South,Rebecca Dean,Nancy Knight,Victoria Thompson,Anthony Miller,823,607,155,10,26,119,32,13,37,14547,1119
South,Rebecca Dean,Nancy Knight,Victoria Thompson,Gary Romero,794,1989,197,21,29,147,3,1,30,648,648
South,Rebecca Dean,Nancy Knight,Victoria Thompson,Gregory Blair,309,643,73,11,38,24,18,11,11,46343,4213
South,Rebecca Dean,Nancy Knight,Victoria Thompson,Debra Snyder,960,1269,88,31,28,29,11,1,49,1096,1096
South,Rebecca Dean,Nancy Knight,Victoria Thompson,Amanda Fernandez,224,310,123,12,48,63,58,16,34,73520,4595
South,Rebecca Dean,Nancy Knight,Victoria Thompson,Jeremiah Chavez,477,1728,153,11,46,96,86,35,43,80430,2298
South,Rebecca Dean,Nancy Knight,Brian Hall MD,Robert Diaz,504,1925,190,9,23,158,86,77,27,133287,1731
South,Rebecca Dean,Nancy Knight,Brian Hall MD,Troy Shaw,511,1725,153,6,46,101,39,29,49,75313,2597
South,Rebecca Dean,Nancy Knight,Brian Hall MD,Shannon Lopez,156,652,121,26,43,52,1,1,14,3316,3316
South,Rebecca Dean,Nancy Knight,Brian Hall MD,Kristie Oliver,787,1704,137,5,32,100,37,22,41,30844,1402
South,Rebecca Dean,Nancy Knight,Brian Hall MD,Tracy Henry,670,696,169,38,16,115,40,32,14,73792,2306
South,Rebecca Dean,Nancy Knight,Brian Hall MD,Brian Stone,208,884,118,11,32,75,21,2,17,5964,2982
South,Rebecca Dean,Nancy Knight,Brian Hall MD,Teresa Kidd,338,1842,67,39,60,0,0,0,10,0,0
South,Rebecca Dean,Nancy Knight,Brian Hall MD,Gabriel Allen,103,1949,188,31,50,107,19,12,5,49440,4120
South,Rebecca Dean,Nancy Knight,Brian Hall MD,Erika Walsh,333,1672,70,16,56,0,0,0,43,0,0
South,Rebecca Dean,Nancy Knight,Brian Hall MD,Robert Aguilar,706,460,164,19,34,111,20,7,50,9709,1387
South,Rebecca Dean,Nancy Knight,Juan Allen,David Santana,528,1652,70,22,29,19,12,3,49,11538,3846
South,Rebecca Dean,Nancy Knight,Juan Allen,Ashley Stevens,368,181,61,35,28,0,0,0,20,0,0
South,Rebecca Dean,Nancy Knight,Juan Allen,William Keller,390,1254,193,31,21,141,71,9,23,43047,4783
South,Rebecca Dean,Nancy Knight,Juan Allen,Stephanie Gutierrez,317,1174,133,31,35,67,41,34,41,30566,899
South,Rebecca Dean,Nancy Knight,Juan Allen,Holly Hernandez,938,377,85,29,60,0,0,0,28,0,0
South,Rebecca Dean,Nancy Knight,Juan Allen,Dakota Whitehead,587,956,58,16,53,0,0,0,9,0,0
South,Rebecca Dean,Nancy Knight,Juan Allen,James Tate,968,1149,197,19,56,122,36,19,30,94126,4954
South,Rebecca Dean,Nancy Knight,Juan Allen,Sergio Diaz,391,356,135,7,34,94,61,40,37,135080,3377
South,Rebecca Dean,Nancy Knight,Juan Allen,Annette Peters,178,1032,158,15,53,90,13,5,18,18240,3648
South,Rebecca Dean,Nancy Knight,Juan Allen,Patricia Sanchez,542,823,68,21,19,28,1,1,30,4526,4526
South,Rebecca Dean,Nancy Knight,James Hickman,Ann Rodriguez,765,1390,194,20,13,161,81,65,49,186680,2872
South,Rebecca Dean,Nancy Knight,James Hickman,Brett Keller,506,1037,155,30,10,115,34,27,13,22896,848
South,Rebecca Dean,Nancy Knight,James Hickman,Christopher Moore,816,202,110,24,12,74,30,23,20,47288,2056
South,Rebecca Dean,Nancy Knight,James Hickman,Michael Clark,619,326,144,16,55,73,70,27,46,51948,1924
South,Rebecca Dean,Nancy Knight,James Hickman,Catherine Jacobs,366,753,122,27,43,52,15,13,48,7449,573
South,Rebecca Dean,Nancy Knight,James Hickman,Michael Jones,755,1989,160,17,21,122,84,61,9,184159,3019
South,Rebecca Dean,Nancy Knight,James Hickman,Mark Hopkins,862,1025,198,28,25,145,133,6,27,21870,3645
South,Rebecca Dean,Nancy Knight,James Hickman,Denise Smith,704,688,74,16,23,35,24,3,38,2676,892
South,Rebecca Dean,Nancy Knight,James Hickman,Barbara Lawrence,649,687,62,38,22,2,1,0,37,0,0
South,Rebecca Dean,Nancy Knight,James Hickman,Kelsey Leon,815,342,194,19,28,147,4,3,32,4680,1560
South,Rebecca Dean,Nancy Knight,Lauren Reynolds,Johnny Robinson,950,1406,56,16,43,0,0,0,38,0,0
South,Rebecca Dean,Nancy Knight,Lauren Reynolds,Lauren Villarreal,445,1000,78,37,45,0,0,0,16,0,0
South,Rebecca Dean,Nancy Knight,Lauren Reynolds,Brandy Smith,772,497,188,34,36,118,114,50,49,73300,1466
South,Rebecca Dean,Nancy Knight,Lauren Reynolds,Lucas Wagner,202,1612,167,27,18,122,9,6,7,29640,4940
South,Rebecca Dean,Nancy Knight,Lauren Reynolds,Joe Moody,987,400,63,17,40,6,3,2,28,1044,522
South,Rebecca Dean,Nancy Knight,Lauren Reynolds,Elizabeth Davidson,688,1501,164,23,18,123,11,9,25,27882,3098
South,Rebecca Dean,Nancy Knight,Lauren Reynolds,Christine Pierce,267,1591,155,25,50,80,78,3,20,13524,4508
South,Rebecca Dean,Nancy Knight,Lauren Reynolds,Michael Chaney,626,1086,178,38,29,111,19,4,12,14496,3624
South,Rebecca Dean,Nancy Knight,Lauren Reynolds,Mr. James Guerra,835,390,66,6,37,23,20,6,44,20622,3437
South,Rebecca Dean,Nancy Knight,Lauren Reynolds,David Thomas,328,1468,124,34,17,73,42,0,19,0,0
East,Stephen Kline,Deborah Weiss,Margaret Johnson,Makayla Obrien,726,964,77,36,55,0,0,0,5,0,0
East,Stephen Kline,Deborah Weiss,Margaret Johnson,Thomas Blevins,965,1492,199,6,39,154,137,62,6,116374,1877
East,Stephen Kline,Deborah Weiss,Margaret Johnson,Joshua Valenzuela,621,725,146,15,32,99,41,21,50,74739,3559
East,Stephen Kline,Deborah Weiss,Margaret Johnson,Anthony Romero,433,108,86,32,57,0,0,0,7,0,0
East,Stephen Kline,Deborah Weiss,Margaret Johnson,Karen Miller,273,614,119,14,22,83,16,9,24,38394,4266
East,Stephen Kline,Deborah Weiss,Margaret Johnson,Kelly King,462,1183,59,7,24,28,17,0,18,0,0
East,Stephen Kline,Deborah Weiss,Margaret Johnson,Timothy Davis,399,1139,70,12,11,47,30,4,6,16516,4129
East,Stephen Kline,Deborah Weiss,Margaret Johnson,Robert Taylor,722,592,56,38,11,7,0,0,24,0,0
East,Stephen Kline,Deborah Weiss,Margaret Johnson,Sandra Lucas,553,1246,132,13,43,76,9,2,5,9206,4603
East,Stephen Kline,Deborah Weiss,Margaret Johnson,Donna Rivera,546,1676,57,25,20,12,2,2,19,9836,4918
East,Stephen Kline,Deborah Weiss,Joseph Miller,Rachel Richards,113,581,163,21,12,130,119,62,24,285262,4601
East,Stephen Kline,Deborah Weiss,Joseph Miller,Andrea Lawson,371,1480,86,32,59,0,0,0,39,0,0
East,Stephen Kline,Deborah Weiss,Joseph Miller,Jane Gutierrez,636,671,114,8,10,96,56,25,15,92150,3686
East,Stephen Kline,Deborah Weiss,Joseph Miller,Joseph Brown,180,908,127,31,37,59,3,2,22,2220,1110
East,Stephen Kline,Deborah Weiss,Joseph Miller,Thomas Patterson,376,1818,66,22,23,21,8,3,32,11022,3674
East,Stephen Kline,Deborah Weiss,Joseph Miller,Glenda Norris,699,986,131,23,22,86,73,38,11,34884,918
East,Stephen Kline,Deborah Weiss,Joseph Miller,Anthony Knight DDS,112,1487,183,8,56,119,33,21,25,22701,1081
East,Stephen Kline,Deborah Weiss,Joseph Miller,Ronald Martin,136,1538,122,32,31,59,31,2,5,3814,1907
East,Stephen Kline,Deborah Weiss,Joseph Miller,Ms. Amy Thomas,747,1732,156,38,56,62,54,39,10,95940,2460
East,Stephen Kline,Deborah Weiss,Joseph Miller,John Frazier,217,1607,104,9,40,55,42,28,44,138488,4946
East,Stephen Kline,Deborah Weiss,Kelly Williams,Tracy Griffith,419,311,62,32,51,0,0,0,18,0,0
East,Stephen Kline,Deborah Weiss,Kelly Williams,Miranda Cohen,201,449,152,22,50,80,71,50,17,43700,874
East,Stephen Kline,Deborah Weiss,Kelly Williams,Hannah Kim,882,1831,125,19,55,51,25,18,46,55980,3110
East,Stephen Kline,Deborah Weiss,Kelly Williams,Michael Velasquez,244,1686,194,7,55,132,117,69,23,162564,2356
East,Stephen Kline,Deborah Weiss,Kelly Williams,Tiffany Curtis,456,1842,192,38,20,134,104,65,25,106665,1641
East,Stephen Kline,Deborah Weiss,Kelly Williams,Jeffrey Welch,756,1488,156,38,29,89,60,34,8,68952,2028
East,Stephen Kline,Deborah Weiss,Kelly Williams,Ashley Ross,814,125,197,26,22,149,61,43,14,123539,2873
East,Stephen Kline,Deborah Weiss,Kelly Williams,Alan Smith,786,1317,174,9,32,133,106,75,26,121575,1621
East,Stephen Kline,Deborah Weiss,Kelly Williams,Andrew Sullivan,251,480,77,23,28,26,25,0,14,0,0
East,Stephen Kline,Deborah Weiss,Kelly Williams,Andrew Harrington,516,1807,114,18,60,36,5,2,24,6410,3205
East,Stephen Kline,Deborah Weiss,Amanda Macias,Tina Jones,514,1275,118,15,51,52,19,14,23,15134,1081
East,Stephen Kline,Deborah Weiss,Amanda Macias,Donald Bass,258,253,161,13,29,119,22,0,31,0,0
East,Stephen Kline,Deborah Weiss,Amanda Macias,Alicia Rowland,634,1945,132,35,19,78,27,9,23,15066,1674
East,Stephen Kline,Deborah Weiss,Amanda Macias,Cody Rodriguez,486,1836,187,35,29,123,89,24,41,17304,721
East,Stephen Kline,Deborah Weiss,Amanda Macias,Tracy Scott,953,565,122,28,25,69,21,10,41,23270,2327
East,Stephen Kline,Deborah Weiss,Amanda Macias,Rebecca Arnold,466,1493,187,23,54,110,58,48,28,74256,1547
East,Stephen Kline,Deborah Weiss,Amanda Macias,Christopher Daniels,888,1594,79,17,58,4,4,2,30,7758,3879
East,Stephen Kline,Deborah Weiss,Amanda Macias,Christina Kline,990,1098,64,36,43,0,0,0,27,0,0
East,Stephen Kline,Deborah Weiss,Amanda Macias,Edward Schmidt,253,529,132,31,32,69,37,6,27,7212,1202
East,Stephen Kline,Deborah Weiss,Amanda Macias,Jacqueline Black,379,1181,165,31,59,75,22,9,50,7191,799
East,Stephen Kline,Deborah Weiss,Leonard Walker,Nicholas Smith,726,1477,193,30,35,128,36,21,18,34335,1635
East,Stephen Kline,Deborah Weiss,Leonard Walker,Jacob Cole DDS,912,295,166,35,29,102,75,38,44,26030,685
East,Stephen Kline,Deborah Weiss,Leonard Walker,Christina Bryant,186,1864,171,11,55,105,12,9,50,26334,2926
East,Stephen Kline,Deborah Weiss,Leonard Walker,Joshua Perez,623,370,128,10,49,69,11,1,7,3913,3913
East,Stephen Kline,Deborah Weiss,Leonard Walker,John Chandler,736,746,176,30,25,121,115,13,39,14482,1114
East,Stephen Kline,Deborah Weiss,Leonard Walker,Vicki Gibson,327,1823,144,13,32,99,88,60,11,197220,3287
East,Stephen Kline,Deborah Weiss,Leonard Walker,Joshua Cross,987,1172,146,26,22,98,35,26,26,68822,2647
East,Stephen Kline,Deborah Weiss,Leonard Walker,Dana Scott,261,1541,129,16,23,90,27,6,49,24618,4103
East,Stephen Kline,Deborah Weiss,Leonard Walker,Brandon Carter,894,1084,175,17,57,101,62,3,24,5235,1745
East,Stephen Kline,Deborah Weiss,Leonard Walker,Susan Bray,369,615,87,39,43,5,3,3,8,5481,1827
East,Stephen Kline,Tara Smith,Robert Rivera,James Howard,596,168,175,19,41,115,62,49,47,34006,694
East,Stephen Kline,Tara Smith,Robert Rivera,Richard Watson,595,107,123,37,18,68,43,25,20,26850,1074
East,Stephen Kline,Tara Smith,Robert Rivera,Mark Allen,404,1037,52,30,47,0,0,0,46,0,0
East,Stephen Kline,Tara Smith,Robert Rivera,Kristi Thomas,189,738,127,26,44,57,36,17,11,39100,2300
East,Stephen Kline,Tara Smith,Robert Rivera,Amy Gray,835,1274,152,37,16,99,86,28,19,69048,2466
East,Stephen Kline,Tara Smith,Robert Rivera,Monica Hartman,563,205,168,40,46,82,40,12,9,20580,1715
East,Stephen Kline,Tara Smith,Robert Rivera,Tracey Andrews,651,773,139,38,57,44,30,21,43,80598,3838
East,Stephen Kline,Tara Smith,Robert Rivera,Todd Hawkins,244,650,115,37,28,50,27,8,41,33640,4205
East,Stephen Kline,Tara Smith,Robert Rivera,Stephanie Medina,921,298,90,29,36,25,1,0,20,0,0
East,Stephen Kline,Tara Smith,Robert Rivera,Lauren Hammond,557,399,180,37,40,103,16,12,30,36060,3005
East,Stephen Kline,Tara Smith,James Curtis,Jean King,489,469,95,10,50,35,0,0,49,0,0
East,Stephen Kline,Tara Smith,James Curtis,Kathryn Ruiz,669,1176,54,22,26,6,2,0,36,0,0
East,Stephen Kline,Tara Smith,James Curtis,Kenneth Moore,481,610,162,8,17,137,94,16,35,77344,4834
East,Stephen Kline,Tara Smith,James Curtis,Michelle Black,985,618,160,37,33,90,26,9,26,30762,3418
East,Stephen Kline,Tara Smith,James Curtis,Joseph Thompson,448,978,122,5,57,60,30,17,21,50932,2996
East,Stephen Kline,Tara Smith,James Curtis,Christina Cline,465,668,192,12,48,132,59,0,16,0,0
East,Stephen Kline,Tara Smith,James Curtis,Jonathon Bartlett,468,1416,102,24,54,24,23,13,20,14664,1128
East,Stephen Kline,Tara Smith,James Curtis,Joseph Douglas,223,1310,66,13,36,17,9,6,46,16506,2751
East,Stephen Kline,Tara Smith,James Curtis,Timothy Lam,711,205,171,10,50,111,102,50,11,193950,3879
East,Stephen Kline,Tara Smith,James Curtis,Daniel Brown,426,1608,194,27,49,118,91,74,34,45362,613
East,Stephen Kline,Tara Smith,Danielle Kelly,Timothy Jimenez,445,1004,183,34,33,116,44,7,16,7371,1053
East,Stephen Kline,Tara Smith,Danielle Kelly,William Payne,503,1239,155,11,17,127,84,25,30,67300,2692
East,Stephen Kline,Tara Smith,Danielle Kelly,Kimberly Nelson,849,525,191,16,47,128,32,18,48,19242,1069
East,Stephen Kline,Tara Smith,Danielle Kelly,Phillip Lopez,254,1965,75,6,19,50,28,28,37,17836,637
East,Stephen Kline,Tara Smith,Danielle Kelly,Cindy Thompson,613,1342,83,38,16,29,9,5,17,20075,4015
East,Stephen Kline,Tara Smith,Danielle Kelly,Johnny Travis,831,633,171,21,16,134,91,53,43,66833,1261
East,Stephen Kline,Tara Smith,Danielle Kelly,Jessica Bauer,155,1531,55,18,52,0,0,0,11,0,0
East,Stephen Kline,Tara Smith,Danielle Kelly,Natalie Swanson,221,1142,199,34,30,135,82,77,46,300223,3899
East,Stephen Kline,Tara Smith,Danielle Kelly,Christopher Tyler,743,755,90,39,25,26,15,15,13,60210,4014
East,Stephen Kline,Tara Smith,Danielle Kelly,Jennifer Maddox,203,190,171,19,41,111,78,61,14,240645,3945
East,Stephen Kline,Tara Smith,Samuel Hendricks,Sandra Miller,622,325,182,17,17,148,143,13,17,14274,1098
East,Stephen Kline,Tara Smith,Samuel Hendricks,Jennifer Kelley,513,1948,172,34,57,81,24,12,48,19284,1607
East,Stephen Kline,Tara Smith,Samuel Hendricks,Tanya Walton,542,1797,110,6,10,94,21,0,30,0,0
East,Stephen Kline,Tara Smith,Samuel Hendricks,Kimberly Brewer,177,665,159,31,29,99,93,5,38,7275,1455
East,Stephen Kline,Tara Smith,Samuel Hendricks,Joseph White,936,1331,52,30,59,0,0,0,44,0,0
East,Stephen Kline,Tara Smith,Samuel Hendricks,Earl Allen,172,1278,197,35,28,134,18,13,33,29068,2236
East,Stephen Kline,Tara Smith,Samuel Hendricks,Heather Beck,513,1686,193,11,48,134,43,9,45,5841,649
East,Stephen Kline,Tara Smith,Samuel Hendricks,Aaron Barton,948,1486,98,12,30,56,28,16,21,38960,2435
East,Stephen Kline,Tara Smith,Samuel Hendricks,Richard Jacobs MD,824,1802,103,30,39,34,11,0,8,0,0
East,Stephen Kline,Tara Smith,Samuel Hendricks,Jeffrey Parker,603,1024,109,23,16,70,54,8,15,33304,4163
East,Stephen Kline,Tara Smith,Lauren Wallace,Michael Banks,528,1912,134,29,44,61,35,15,22,27585,1839
East,Stephen Kline,Tara Smith,Lauren Wallace,Julie Olson,543,368,113,27,10,76,63,12,37,21216,1768
East,Stephen Kline,Tara Smith,Lauren Wallace,Jeremy Johnson,173,1992,59,14,19,26,6,1,6,3395,3395
East,Stephen Kline,Tara Smith,Lauren Wallace,Renee Perez,281,1241,125,25,16,84,82,46,15,69552,1512
East,Stephen Kline,Tara Smith,Lauren Wallace,Tammy Williams,320,1829,54,22,47,0,0,0,11,0,0
East,Stephen Kline,Tara Smith,Lauren Wallace,Elizabeth Brown,1000,244,62,39,52,0,0,0,17,0,0
East,Stephen Kline,Tara Smith,Lauren Wallace,Tiffany Hall,871,1754,168,18,58,92,78,36,9,36612,1017
East,Stephen Kline,Tara Smith,Lauren Wallace,John Price,326,758,66,18,39,9,5,5,37,15470,3094
East,Stephen Kline,Tara Smith,Lauren Wallace,Kimberly Jones,143,1440,166,39,20,107,1,1,39,3582,3582
East,Stephen Kline,Tara Smith,Lauren Wallace,Dakota Fitzgerald,903,1179,200,19,21,160,45,20,49,30220,1511
East,Stephen Kline,Guy Sanchez,Tiffany Kelly,Bruce Lindsey,752,262,105,6,59,40,38,17,17,84524,4972
East,Stephen Kline,Guy Sanchez,Tiffany Kelly,David Morgan,305,298,61,9,27,25,20,11,22,22154,2014
East,Stephen Kline,Guy Sanchez,Tiffany Kelly,Arthur Snyder,525,143,51,24,36,0,0,0,8,0,0
East,Stephen Kline,Guy Sanchez,Tiffany Kelly,Gabriel Barnes,272,945,107,8,44,55,25,9,10,33786,3754
East,Stephen Kline,Guy Sanchez,Tiffany Kelly,Kevin Roberts,375,323,130,15,36,79,33,7,42,32515,4645
East,Stephen Kline,Guy Sanchez,Tiffany Kelly,Juan Morales,284,1010,195,34,36,125,93,87,11,306066,3518
East,Stephen Kline,Guy Sanchez,Tiffany Kelly,Paul Perez,777,243,85,33,15,37,18,6,43,17820,2970
East,Stephen Kline,Guy Sanchez,Tiffany Kelly,Melissa Huff,285,392,128,29,31,68,22,4,10,16100,4025
East,Stephen Kline,Guy Sanchez,Tiffany Kelly,Erin Lane,410,1350,91,29,40,22,10,5,33,7480,1496
East,Stephen Kline,Guy Sanchez,Tiffany Kelly,Cody Williams,701,840,95,38,24,33,27,3,29,11613,3871
East,Stephen Kline,Guy Sanchez,Eric Graham,Jennifer Hill,131,1915,153,29,53,71,56,9,29,6102,678
East,Stephen Kline,Guy Sanchez,Eric Graham,Thomas Reed DDS,680,119,133,9,18,106,12,8,37,21840,2730
East,Stephen Kline,Guy Sanchez,Eric Graham,Christina Jones,133,1665,126,22,44,60,42,41,48,172487,4207
East,Stephen Kline,Guy Sanchez,Eric Graham,Sarah Briggs,492,636,186,17,30,139,20,3,47,1773,591
East,Stephen Kline,Guy Sanchez,Eric Graham,Derrick Dixon,237,205,200,37,19,144,6,1,43,3100,3100
East,Stephen Kline,Guy Sanchez,Eric Graham,Betty Boyer,194,1190,122,19,14,89,50,22,28,32560,1480
East,Stephen Kline,Guy Sanchez,Eric Graham,Jillian Hall,605,605,110,9,14,87,68,68,7,115328,1696
East,Stephen Kline,Guy Sanchez,Eric Graham,Brenda Patel,346,244,194,30,57,107,64,24,27,76848,3202
East,Stephen Kline,Guy Sanchez,Eric Graham,Diane Bradshaw,959,165,66,6,52,8,1,1,45,3953,3953
East,Stephen Kline,Guy Sanchez,Eric Graham,Sandra Smith MD,989,713,179,37,17,125,100,6,44,9144,1524
East,Stephen Kline,Guy Sanchez,Lucas Mccall,Megan Campbell,751,1639,64,26,48,0,0,0,23,0,0
East,Stephen Kline,Guy Sanchez,Lucas Mccall,Amanda Fischer,169,335,175,22,32,121,103,93,27,166284,1788
East,Stephen Kline,Guy Sanchez,Lucas Mccall,Todd Conley,955,439,153,40,54,59,29,22,33,90024,4092
East,Stephen Kline,Guy Sanchez,Lucas Mccall,Christine Thomas,319,352,161,29,24,108,40,16,46,77152,4822
East,Stephen Kline,Guy Sanchez,Lucas Mccall,Carla Leach,695,1486,200,21,44,135,133,125,34,282125,2257
East,Stephen Kline,Guy Sanchez,Lucas Mccall,Michelle Freeman,470,560,81,10,27,44,26,16,38,31104,1944
East,Stephen Kline,Guy Sanchez,Lucas Mccall,Taylor Hernandez,644,1931,194,18,45,131,5,3,14,12966,4322
East,Stephen Kline,Guy Sanchez,Lucas Mccall,Michael Friedman,823,1145,129,28,11,90,67,2,41,3508,1754
East,Stephen Kline,Guy Sanchez,Lucas Mccall,Shane Romero,239,295,113,22,56,35,6,6,24,4980,830
East,Stephen Kline,Guy Sanchez,Lucas Mccall,Megan Jones,276,197,126,12,21,93,75,30,46,15390,513
East,Stephen Kline,Guy Sanchez,Matthew Wright,Nicole Russell,223,483,62,19,46,0,0,0,13,0,0
East,Stephen Kline,Guy Sanchez,Matthew Wright,Kimberly Austin,593,1010,124,38,58,28,28,2,42,4632,2316
East,Stephen Kline,Guy Sanchez,Matthew Wright,Jason Nelson,619,623,164,27,40,97,56,55,48,190080,3456
East,Stephen Kline,Guy Sanchez,Matthew Wright,Marcus Simon,535,1424,123,30,56,37,27,5,29,4420,884
East,Stephen Kline,Guy Sanchez,Matthew Wright,Christina Becker,922,1264,75,35,44,0,0,0,10,0,0
East,Stephen Kline,Guy Sanchez,Matthew Wright,David Ramirez,686,1583,60,31,54,0,0,0,8,0,0
East,Stephen Kline,Guy Sanchez,Matthew Wright,Tony Oliver,912,1497,85,29,44,12,3,2,15,3714,1857
East,Stephen Kline,Guy Sanchez,Matthew Wright,Troy Harris,206,940,140,35,48,57,37,30,41,41670,1389
East,Stephen Kline,Guy Sanchez,Matthew Wright,Michael Woods,203,1816,156,25,41,90,33,26,18,23660,910
East,Stephen Kline,Guy Sanchez,Matthew Wright,Courtney Pratt,913,1452,164,26,30,108,33,26,13,32994,1269
East,Stephen Kline,Guy Sanchez,Christopher Morris,Harold Jordan,413,500,199,7,48,144,118,11,23,10175,925
East,Stephen Kline,Guy Sanchez,Christopher Morris,Kenneth Swanson,325,876,161,27,35,99,11,9,24,33408,3712
East,Stephen Kline,Guy Sanchez,Christopher Morris,Roger Evans,954,1553,179,38,17,124,92,21,39,103383,4923
East,Stephen Kline,Guy Sanchez,Christopher Morris,Lisa Navarro,182,894,127,9,34,84,77,9,14,43245,4805
East,Stephen Kline,Guy Sanchez,Christopher Morris,Christina Bailey,491,1395,189,17,57,115,35,27,49,54702,2026
East,Stephen Kline,Guy Sanchez,Christopher Morris,Jesus Woods,208,245,102,39,57,6,4,3,45,10719,3573
East,Stephen Kline,Guy Sanchez,Christopher Morris,Ricky Sullivan,407,1041,126,28,36,62,57,41,14,63837,1557
East,Stephen Kline,Guy Sanchez,Christopher Morris,Thomas Figueroa,950,678,71,29,52,0,0,0,25,0,0
East,Stephen Kline,Guy Sanchez,Christopher Morris,Francis Cook,967,334,87,23,37,27,17,9,29,8091,899
East,Stephen Kline,Guy Sanchez,Christopher Morris,Sally Rogers,156,1570,56,28,17,11,6,4,21,16892,4223
West,Paul Carroll,Deanna Crane,James Armstrong,Luke Turner,438,1511,125,10,58,57,24,1,47,3203,3203
West,Paul Carroll,Deanna Crane,James Armstrong,Laura Shah,684,1594,188,18,50,120,94,35,32,105175,3005
West,Paul Carroll,Deanna Crane,James Armstrong,John Cain,339,328,162,10,36,116,19,14,12,28938,2067
West,Paul Carroll,Deanna Crane,James Armstrong,Rodney Daniel,582,931,192,18,56,118,43,38,49,112442,2959
West,Paul Carroll,Deanna Crane,James Armstrong,Michael Johnson,406,1164,154,40,34,80,60,38,30,53314,1403
West,Paul Carroll,Deanna Crane,James Armstrong,Bianca Thomas,505,104,180,11,26,143,82,3,34,8877,2959
West,Paul Carroll,Deanna Crane,James Armstrong,Daniel Brown,292,445,190,31,58,101,5,3,46,8106,2702
West,Paul Carroll,Deanna Crane,James Armstrong,Jose Madden,190,623,163,17,54,92,57,57,29,181716,3188
West,Paul Carroll,Deanna Crane,James Armstrong,Robert Carr,990,320,143,38,41,64,48,31,23,84630,2730
West,Paul Carroll,Deanna Crane,James Armstrong,Maria Smith,509,253,92,24,42,26,3,2,32,1468,734
West,Paul Carroll,Deanna Crane,Kimberly Schmidt,Joshua Price,914,697,131,29,16,86,21,18,40,78372,4354
West,Paul Carroll,Deanna Crane,Kimberly Schmidt,Alicia Peters,171,589,151,23,22,106,33,24,30,35472,1478
West,Paul Carroll,Deanna Crane,Kimberly Schmidt,Kathryn Chavez,734,1434,51,39,54,0,0,0,32,0,0
West,Paul Carroll,Deanna Crane,Kimberly Schmidt,John Martin,761,169,103,20,41,42,40,13,19,13364,1028
West,Paul Carroll,Deanna Crane,Kimberly Schmidt,Bianca Cole,779,1714,94,13,16,65,28,5,45,5310,1062
West,Paul Carroll,Deanna Crane,Kimberly Schmidt,Jessica Walters,989,1250,66,37,49,0,0,0,23,0,0
West,Paul Carroll,Deanna Crane,Kimberly Schmidt,Frank Mullins,905,1821,136,36,29,71,40,25,27,71525,2861
West,Paul Carroll,Deanna Crane,Kimberly Schmidt,Linda Ibarra,277,724,162,31,40,91,58,16,50,28144,1759
West,Paul Carroll,Deanna Crane,Kimberly Schmidt,Donna Jordan,700,1294,125,23,55,47,43,6,47,13254,2209
West,Paul Carroll,Deanna Crane,Kimberly Schmidt,Laura Mendoza,278,1248,165,5,47,113,74,73,16,228563,3131
West,Paul Carroll,Deanna Crane,Amy Gallegos,David Payne,489,571,118,34,50,34,8,1,41,1553,1553
West,Paul Carroll,Deanna Crane,Amy Gallegos,Dawn Silva,309,1372,167,32,11,124,2,2,38,2174,1087
West,Paul Carroll,Deanna Crane,Amy Gallegos,Sue Hawkins,619,1850,130,14,35,81,24,24,39,46992,1958
West,Paul Carroll,Deanna Crane,Amy Gallegos,Sheila Pena,485,1151,131,24,54,53,46,35,33,92260,2636
West,Paul Carroll,Deanna Crane,Amy Gallegos,Robert Anderson,278,637,61,13,38,10,2,2,31,8734,4367
West,Paul Carroll,Deanna Crane,Amy Gallegos,Kimberly Russell,841,493,87,23,49,15,11,5,19,11800,2360
West,Paul Carroll,Deanna Crane,Amy Gallegos,Monica Holt,989,133,198,16,13,169,72,0,6,0,0
West,Paul Carroll,Deanna Crane,Amy Gallegos,David Bell,480,1263,93,23,55,15,6,3,5,2883,961
West,Paul Carroll,Deanna Crane,Amy Gallegos,Abigail Hale,823,1023,173,12,15,146,125,83,30,271410,3270
West,Paul Carroll,Deanna Crane,Amy Gallegos,Johnny Arias,162,166,199,37,34,128,88,68,13,228004,3353
West,Paul Carroll,Deanna Crane,Allison Henderson,Jean Chavez,350,930,92,26,39,27,11,4,17,6564,1641
West,Paul Carroll,Deanna Crane,Allison Henderson,Cynthia Dudley,607,361,109,11,25,73,12,11,41,43428,3948
West,Paul Carroll,Deanna Crane,Allison Henderson,Randall Thomas,729,434,67,36,48,0,0,0,39,0,0
West,Paul Carroll,Deanna Crane,Allison Henderson,Claudia Martinez MD,193,1257,155,35,28,92,14,14,35,51142,3653
West,Paul Carroll,Deanna Crane,Allison Henderson,Traci Moore,197,921,81,6,57,18,14,11,41,47256,4296
West,Paul Carroll,Deanna Crane,Allison Henderson,Jack Stanley,926,1976,70,29,36,5,5,4,41,2604,651
West,Paul Carroll,Deanna Crane,Allison Henderson,Richard Daniels MD,683,1906,199,12,43,144,106,15,43,60390,4026
West,Paul Carroll,Deanna Crane,Allison Henderson,Gary Robles,635,1647,179,36,40,103,10,10,17,37660,3766
West,Paul Carroll,Deanna Crane,Allison Henderson,Jessica Harris DVM,208,451,51,12,10,29,14,3,24,6693,2231
West,Paul Carroll,Deanna Crane,Allison Henderson,Christopher Anderson,142,1732,156,38,23,95,80,52,43,132236,2543
West,Paul Carroll,Deanna Crane,Rachel Giles,Kenneth Wilkins,594,857,93,17,51,25,11,6,38,6474,1079
West,Paul Carroll,Deanna Crane,Rachel Giles,Holly Rose,212,542,108,19,19,70,37,23,42,60122,2614
West,Paul Carroll,Deanna Crane,Rachel Giles,Harold Howard,148,1228,117,32,15,70,32,7,33,19334,2762
West,Paul Carroll,Deanna Crane,Rachel Giles,Julia Brown,518,1248,89,7,20,62,61,5,20,24785,4957
West,Paul Carroll,Deanna Crane,Rachel Giles,Amy Burke,906,1028,117,28,25,64,27,14,17,38570,2755
West,Paul Carroll,Deanna Crane,Rachel Giles,David Garrett,218,813,77,17,53,7,5,4,32,12400,3100
West,Paul Carroll,Deanna Crane,Rachel Giles,Brian Henderson,641,1645,75,31,24,20,4,4,24,13636,3409
West,Paul Carroll,Deanna Crane,Rachel Giles,Antonio Rodgers,658,1768,164,19,25,120,95,92,44,337732,3671
West,Paul Carroll,Deanna Crane,Rachel Giles,Melanie Green,107,361,159,18,39,102,1,1,26,3177,3177
West,Paul Carroll,Deanna Crane,Rachel Giles,Jermaine Mann,403,1426,152,12,15,125,43,19,46,79800,4200
West,Paul Carroll,Deborah Bishop,Tracy Cooper,Daniel Hall,560,751,122,17,56,49,20,1,26,2194,2194
West,Paul Carroll,Deborah Bishop,Tracy Cooper,Megan Anderson,161,287,61,22,47,0,0,0,43,0,0
West,Paul Carroll,Deborah Bishop,Tracy Cooper,Kim Salazar,800,1823,123,9,36,78,69,67,45,96279,1437
West,Paul Carroll,Deborah Bishop,Tracy Cooper,Alvin Clarke,692,530,128,26,43,59,15,11,22,43780,3980
West,Paul Carroll,Deborah Bishop,Tracy Cooper,Melissa Williamson,491,959,70,12,47,11,1,1,31,1891,1891
West,Paul Carroll,Deborah Bishop,Tracy Cooper,Michael Shaw,512,760,51,23,14,14,8,0,42,0,0
West,Paul Carroll,Deborah Bishop,Tracy Cooper,William Bryant,128,562,173,7,23,143,98,81,23,263979,3259
West,Paul Carroll,Deborah Bishop,Tracy Cooper,Nicole Martinez PhD,969,1675,179,34,49,96,10,7,21,15435,2205
West,Paul Carroll,Deborah Bishop,Tracy Cooper,Randall Jackson,371,915,62,7,53,2,0,0,17,0,0
West,Paul Carroll,Deborah Bishop,Tracy Cooper,Stacy Castillo,817,1724,129,36,44,49,7,7,27,4214,602
West,Paul Carroll,Deborah Bishop,Scott Jones,Sara Howard,935,1730,151,39,41,71,29,29,25,48749,1681
West,Paul Carroll,Deborah Bishop,Scott Jones,Jason Pena,832,1360,138,13,23,102,77,39,46,153777,3943
West,Paul Carroll,Deborah Bishop,Scott Jones,Cody Williams,842,1829,98,35,54,9,3,2,12,2802,1401
West,Paul Carroll,Deborah Bishop,Scott Jones,Sarah Vance,948,956,61,21,17,23,14,12,36,30144,2512
West,Paul Carroll,Deborah Bishop,Scott Jones,Dr. Matthew Logan PhD,128,1656,77,35,23,19,11,1,12,669,669
West,Paul Carroll,Deborah Bishop,Scott Jones,James Ramsey,970,139,103,39,53,11,8,1,5,587,587
West,Paul Carroll,Deborah Bishop,Scott Jones,Brian Hoover,336,1341,108,24,16,68,45,28,42,25228,901
West,Paul Carroll,Deborah Bishop,Scott Jones,Edward Suarez,257,379,180,21,33,126,66,3,18,4170,1390
West,Paul Carroll,Deborah Bishop,Scott Jones,Jill Gutierrez,686,1049,53,24,28,1,1,0,24,0,0
West,Paul Carroll,Deborah Bishop,Scott Jones,William Sanchez,550,229,127,10,52,65,15,10,14,48360,4836
West,Paul Carroll,Deborah Bishop,Jessica Daniels,James Mack,205,238,51,14,19,18,7,0,43,0,0
West,Paul Carroll,Deborah Bishop,Jessica Daniels,Diana Archer,139,1885,167,18,51,98,60,34,17,120122,3533
West,Paul Carroll,Deborah Bishop,Jessica Daniels,Kelly Harrison,329,227,51,6,19,26,17,5,9,22030,4406
West,Paul Carroll,Deborah Bishop,Jessica Daniels,Brian Gomez,391,659,194,34,19,141,97,54,13,251748,4662
West,Paul Carroll,Deborah Bishop,Jessica Daniels,Evan Davis,437,1138,93,32,49,12,1,0,7,0,0
West,Paul Carroll,Deborah Bishop,Jessica Daniels,Jessica Johnson,763,268,186,40,15,131,14,6,42,22002,3667
West,Paul Carroll,Deborah Bishop,Jessica Daniels,Nicole Rivera,307,1700,154,11,44,99,84,8,28,32112,4014
West,Paul Carroll,Deborah Bishop,Jessica Daniels,Sharon Burns,947,121,163,19,42,102,23,22,16,34518,1569
West,Paul Carroll,Deborah Bishop,Jessica Daniels,Jason Scott,605,570,75,34,11,30,13,3,39,1659,553
West,Paul Carroll,Deborah Bishop,Jessica Daniels,Jessica Castro,761,1049,167,33,29,105,20,4,39,15240,3810
West,Paul Carroll,Deborah Bishop,Madison Garcia,Troy Mullen,846,412,88,7,46,35,4,1,32,4198,4198
West,Paul Carroll,Deborah Bishop,Madison Garcia,Lauren Morris,363,1784,113,35,31,47,14,12,16,54840,4570
West,Paul Carroll,Deborah Bishop,Madison Garcia,Christian Park,582,1556,106,37,16,53,26,2,45,4786,2393
West,Paul Carroll,Deborah Bishop,Madison Garcia,David Ramirez,400,712,200,37,15,148,117,85,9,201025,2365
West,Paul Carroll,Deborah Bishop,Madison Garcia,Jacqueline English,706,217,53,9,46,0,0,0,36,0,0
West,Paul Carroll,Deborah Bishop,Madison Garcia,Bradley Davis,356,1627,52,12,46,0,0,0,44,0,0
West,Paul Carroll,Deborah Bishop,Madison Garcia,Jasmine Marsh,815,548,165,15,52,98,86,23,19,20010,870
West,Paul Carroll,Deborah Bishop,Madison Garcia,Brian Robinson,923,1423,135,6,16,113,12,8,14,9472,1184
West,Paul Carroll,Deborah Bishop,Madison Garcia,Anthony Ellis,122,1341,62,19,60,0,0,0,47,0,0
West,Paul Carroll,Deborah Bishop,Madison Garcia,Michelle Nichols,691,311,147,24,33,90,52,29,50,82389,2841
West,Paul Carroll,Deborah Bishop,Patricia Price,Kristina Chase,678,568,109,30,57,22,2,2,21,6574,3287
West,Paul Carroll,Deborah Bishop,Patricia Price,Robert Ramirez,908,988,113,36,54,23,19,16,41,34704,2169
West,Paul Carroll,Deborah Bishop,Patricia Price,Daniel Turner,1000,488,73,14,35,24,24,15,16,27075,1805
West,Paul Carroll,Deborah Bishop,Patricia Price,Mathew Gates,389,994,64,31,20,13,5,0,27,0,0
West,Paul Carroll,Deborah Bishop,Patricia Price,Deborah Buckley,105,1270,128,34,27,67,46,34,39,153476,4514
West,Paul Carroll,Deborah Bishop,Patricia Price,Rebekah Miller,479,355,88,11,31,46,15,4,6,12264,3066
West,Paul Carroll,Deborah Bishop,Patricia Price,Mary Grant,471,885,122,11,46,65,56,36,7,101520,2820
West,Paul Carroll,Deborah Bishop,Patricia Price,Matthew Hamilton,441,1916,137,17,56,64,42,27,24,35451,1313
West,Paul Carroll,Deborah Bishop,Patricia Price,Kimberly Obrien,453,239,183,10,59,114,35,7,27,24717,3531
West,Paul Carroll,Deborah Bishop,Patricia Price,Dennis Montoya,960,954,104,14,23,67,45,12,7,37776,3148
West,Paul Carroll,Tyler Hurley,Valerie Little,Theodore Rodriguez MD,404,744,132,30,43,59,5,0,11,0,0
West,Paul Carroll,Tyler Hurley,Valerie Little,Theodore Ramirez,732,720,156,29,55,72,72,34,33,107508,3162
West,Paul Carroll,Tyler Hurley,Valerie Little,Kathryn Hamilton,793,963,98,15,29,54,44,11,8,16038,1458
West,Paul Carroll,Tyler Hurley,Valerie Little,Robert Lopez,368,518,130,25,57,48,25,22,6,87252,3966
West,Paul Carroll,Tyler Hurley,Valerie Little,Timothy Rodriguez,768,1227,141,24,44,73,14,8,7,17208,2151
West,Paul Carroll,Tyler Hurley,Valerie Little,Lisa Jones,387,1209,87,35,34,18,1,1,37,579,579
West,Paul Carroll,Tyler Hurley,Valerie Little,Sara White,352,1656,143,16,36,91,58,26,38,81380,3130
West,Paul Carroll,Tyler Hurley,Valerie Little,Brady Lane,984,1858,103,27,60,16,13,2,46,7206,3603
West,Paul Carroll,Tyler Hurley,Valerie Little,Donald Wright,402,626,70,14,32,24,5,3,25,2226,742
West,Paul Carroll,Tyler Hurley,Valerie Little,Angela Mckay,287,317,190,38,21,131,52,47,33,109134,2322
West,Paul Carroll,Tyler Hurley,Steve Sanchez,Brandon Hayes,418,1642,198,6,42,150,20,15,23,9075,605
West,Paul Carroll,Tyler Hurley,Steve Sanchez,Hunter Davis,890,1719,78,11,41,26,24,0,38,0,0
West,Paul Carroll,Tyler Hurley,Steve Sanchez,Jeffrey Huff,448,365,142,40,57,45,41,27,45,82053,3039
West,Paul Carroll,Tyler Hurley,Steve Sanchez,Pam Mitchell,567,1644,79,19,36,24,23,5,12,22805,4561
West,Paul Carroll,Tyler Hurley,Steve Sanchez,Jeffrey Wolf,855,216,60,10,10,40,32,24,25,67656,2819
West,Paul Carroll,Tyler Hurley,Steve Sanchez,Penny Whitehead,541,570,98,35,13,50,2,2,32,2210,1105
West,Paul Carroll,Tyler Hurley,Steve Sanchez,Dana Johnson,959,701,92,11,16,65,24,0,45,0,0
West,Paul Carroll,Tyler Hurley,Steve Sanchez,Sheila Green,687,1215,111,9,54,48,22,5,34,8800,1760
West,Paul Carroll,Tyler Hurley,Steve Sanchez,Julie Franklin,749,1265,119,15,23,81,15,8,42,37880,4735
West,Paul Carroll,Tyler Hurley,Steve Sanchez,Kelly Farmer,999,496,67,24,55,0,0,0,45,0,0
West,Paul Carroll,Tyler Hurley,Jason Khan,Cody Cooper,630,573,63,16,48,0,0,0,18,0,0
West,Paul Carroll,Tyler Hurley,Jason Khan,Sean Sims,119,799,147,29,32,86,25,25,17,109275,4371
West,Paul Carroll,Tyler Hurley,Jason Khan,Austin Moyer,236,1636,73,36,25,12,8,5,46,7425,1485
West,Paul Carroll,Tyler Hurley,Jason Khan,Olivia Hanson,852,1461,169,7,17,145,109,36,34,36432,1012
West,Paul Carroll,Tyler Hurley,Jason Khan,Alex Rodriguez,427,203,94,24,51,19,10,1,41,4533,4533
West,Paul Carroll,Tyler Hurley,Jason Khan,Maria Rice,888,1750,62,5,32,25,1,0,21,0,0
West,Paul Carroll,Tyler Hurley,Jason Khan,Brooke Ruiz,640,184,73,29,15,29,20,7,38,12915,1845
West,Paul Carroll,Tyler Hurley,Jason Khan,Ryan Young,216,471,162,34,11,117,47,0,28,0,0
West,Paul Carroll,Tyler Hurley,Jason Khan,Katherine Humphrey,318,1991,123,35,11,77,75,70,21,284270,4061
West,Paul Carroll,Tyler Hurley,Jason Khan,Christina Daniels,795,262,123,37,15,71,3,0,27,0,0
West,Paul Carroll,Tyler Hurley,Christopher Adams,Lindsay Adams,836,144,96,31,23,42,28,28,28,60284,2153
West,Paul Carroll,Tyler Hurley,Christopher Adams,Shawn Sexton,734,1180,68,15,49,4,0,0,31,0,0
West,Paul Carroll,Tyler Hurley,Christopher Adams,Ashley Johnson,104,716,111,25,27,59,34,17,43,67830,3990
West,Paul Carroll,Tyler Hurley,Christopher Adams,Joseph Warren,171,865,123,7,42,74,6,6,26,19314,3219
West,Paul Carroll,Tyler Hurley,Christopher Adams,George Brooks,714,1373,112,35,53,24,6,0,17,0,0
West,Paul Carroll,Tyler Hurley,Christopher Adams,Tiffany Walker,100,1614,190,21,13,156,110,110,22,398090,3619
West,Paul Carroll,Tyler Hurley,Christopher Adams,Joseph Tran,238,1472,177,24,10,143,43,6,33,26184,4364
West,Paul Carroll,Tyler Hurley,Christopher Adams,Barbara Campbell,903,1002,73,12,37,24,4,1,41,2529,2529
West,Paul Carroll,Tyler Hurley,Christopher Adams,Alicia Mcclure,944,1250,63,28,45,0,0,0,35,0,0
West,Paul Carroll,Tyler Hurley,Christopher Adams,Grant Strong,490,754,63,16,40,7,6,6,20,9834,1639
West,Paul Carroll,Tyler Hurley,Connor Peterson,Holly Murphy,492,1743,163,12,36,115,2,2,18,8236,4118
West,Paul Carroll,Tyler Hurley,Connor Peterson,Mary Sullivan,734,276,156,5,58,93,60,60,48,47160,786
West,Paul Carroll,Tyler Hurley,Connor Peterson,Allen Sherman,938,1141,67,28,42,0,0,0,13,0,0
West,Paul Carroll,Tyler Hurley,Connor Peterson,Ronald Gomez,152,1934,156,17,45,94,23,20,26,48760,2438
West,Paul Carroll,Tyler Hurley,Connor Peterson,Corey Chavez,160,1431,200,15,10,175,87,19,22,83543,4397
West,Paul Carroll,Tyler Hurley,Connor Peterson,Heather Combs,161,234,182,36,41,105,35,17,34,50813,2989
West,Paul Carroll,Tyler Hurley,Connor Peterson,Amanda Ford,780,1703,124,12,37,75,59,20,9,26660,1333
West,Paul Carroll,Tyler Hurley,Connor Peterson,Howard Taylor,831,1765,120,14,37,69,55,55,46,82225,1495
West,Paul Carroll,Tyler Hurley,Connor Peterson,Joshua Lee,560,446,197,29,19,149,112,47,23,38352,816
West,Paul Carroll,Tyler Hurley,Connor Peterson,Mrs. Maureen Charles,142,1835,132,21,47,64,49,33,38,69201,2097
